_id,properties
4:a4ea6acb-b5fc-4a33-a21a-e4f10b877c39:128,"{""closeness"": 0.0, ""class_id"": 6, ""degree"": 246.0, ""classe"": 6, ""pagerank"": 0.15000000000000002, ""betweenness"": 0.0, ""eigenvector"": 3.638393813768353e-09, ""manufacturerName"": ""NOVARTIS""}"
4:a4ea6acb-b5fc-4a33-a21a-e4f10b877c39:129,"{""closeness"": 0.0, ""class_id"": 6, ""degree"": 61.0, ""classe"": 6, ""pagerank"": 0.15000000000000002, ""betweenness"": 0.0, ""eigenvector"": 3.638393813768353e-09, ""manufacturerName"": ""GLAXOSMITHKLINE""}"
4:a4ea6acb-b5fc-4a33-a21a-e4f10b877c39:130,"{""closeness"": 0.0, ""class_id"": 6, ""degree"": 572.0, ""classe"": 6, ""pagerank"": 0.15000000000000002, ""betweenness"": 0.0, ""eigenvector"": 3.638393813768353e-09, ""manufacturerName"": ""CELGENE""}"
4:a4ea6acb-b5fc-4a33-a21a-e4f10b877c39:131,"{""closeness"": 0.0, ""class_id"": 6, ""degree"": 513.0, ""classe"": 6, ""pagerank"": 0.15000000000000002, ""betweenness"": 0.0, ""eigenvector"": 3.638393813768353e-09, ""manufacturerName"": ""PFIZER""}"
4:a4ea6acb-b5fc-4a33-a21a-e4f10b877c39:132,"{""closeness"": 0.0, ""class_id"": 6, ""degree"": 228.0, ""classe"": 6, ""pagerank"": 0.15000000000000002, ""betweenness"": 0.0, ""eigenvector"": 3.638393813768353e-09, ""manufacturerName"": ""SANOFI AVENTIS""}"
4:a4ea6acb-b5fc-4a33-a21a-e4f10b877c39:133,"{""closeness"": 0.0, ""class_id"": 6, ""degree"": 617.0, ""classe"": 6, ""pagerank"": 0.15000000000000002, ""betweenness"": 0.0, ""eigenvector"": 3.638393813768353e-09, ""manufacturerName"": ""TAKEDA""}"
4:a4ea6acb-b5fc-4a33-a21a-e4f10b877c39:134,"{""closeness"": 0.0, ""class_id"": 6, ""degree"": 288.0, ""classe"": 6, ""pagerank"": 0.15000000000000002, ""betweenness"": 0.0, ""eigenvector"": 3.638393813768353e-09, ""manufacturerName"": ""ROCHE""}"
4:a4ea6acb-b5fc-4a33-a21a-e4f10b877c39:135,"{""closeness"": 0.0, ""class_id"": 6, ""degree"": 15.0, ""classe"": 6, ""pagerank"": 0.15000000000000002, ""betweenness"": 0.0, ""eigenvector"": 3.638393813768353e-09, ""manufacturerName"": ""JAZZ""}"
4:a4ea6acb-b5fc-4a33-a21a-e4f10b877c39:136,"{""closeness"": 0.0, ""class_id"": 6, ""degree"": 193.0, ""classe"": 6, ""pagerank"": 0.15000000000000002, ""betweenness"": 0.0, ""eigenvector"": 3.638393813768353e-09, ""manufacturerName"": ""JOHNSON AND JOHNSON""}"
4:a4ea6acb-b5fc-4a33-a21a-e4f10b877c39:137,"{""closeness"": 0.0, ""class_id"": 6, ""degree"": 9.0, ""classe"": 6, ""pagerank"": 0.15000000000000002, ""betweenness"": 0.0, ""eigenvector"": 3.638393813768353e-09, ""manufacturerName"": ""SEATTLE GENETICS""}"
4:a4ea6acb-b5fc-4a33-a21a-e4f10b877c39:138,"{""closeness"": 0.0, ""class_id"": 6, ""degree"": 12.0, ""classe"": 6, ""pagerank"": 0.15000000000000002, ""betweenness"": 0.0, ""eigenvector"": 3.638393813768353e-09, ""manufacturerName"": ""ACORDA""}"
4:a4ea6acb-b5fc-4a33-a21a-e4f10b877c39:139,"{""closeness"": 0.0, ""class_id"": 6, ""degree"": 29.0, ""classe"": 6, ""pagerank"": 0.15000000000000002, ""betweenness"": 0.0, ""eigenvector"": 3.638393813768353e-09, ""manufacturerName"": ""BIOGEN""}"
4:a4ea6acb-b5fc-4a33-a21a-e4f10b877c39:140,"{""closeness"": 0.0, ""class_id"": 6, ""degree"": 185.0, ""classe"": 6, ""pagerank"": 0.15000000000000002, ""betweenness"": 0.0, ""eigenvector"": 3.638393813768353e-09, ""manufacturerName"": ""ABBVIE""}"
4:a4ea6acb-b5fc-4a33-a21a-e4f10b877c39:141,"{""closeness"": 0.0, ""class_id"": 6, ""degree"": 6.0, ""classe"": 6, ""pagerank"": 0.15000000000000002, ""betweenness"": 0.0, ""eigenvector"": 3.638393813768353e-09, ""manufacturerName"": ""AEGERION""}"
4:a4ea6acb-b5fc-4a33-a21a-e4f10b877c39:273,"{""closeness"": 0.0, ""class_id"": 6, ""degree"": 19.0, ""classe"": 6, ""pagerank"": 0.15000000000000002, ""betweenness"": 0.0, ""eigenvector"": 3.638393813768353e-09, ""manufacturerName"": ""GRIFOLS""}"
4:a4ea6acb-b5fc-4a33-a21a-e4f10b877c39:274,"{""closeness"": 0.0, ""class_id"": 6, ""degree"": 190.0, ""classe"": 6, ""pagerank"": 0.15000000000000002, ""betweenness"": 0.0, ""eigenvector"": 3.638393813768353e-09, ""manufacturerName"": ""BRISTOL MYERS SQUIBB""}"
4:a4ea6acb-b5fc-4a33-a21a-e4f10b877c39:275,"{""closeness"": 0.0, ""class_id"": 6, ""degree"": 22.0, ""classe"": 6, ""pagerank"": 0.15000000000000002, ""betweenness"": 0.0, ""eigenvector"": 3.638393813768353e-09, ""manufacturerName"": ""ACADIA PHARMACEUTICALS""}"
4:a4ea6acb-b5fc-4a33-a21a-e4f10b877c39:276,"{""closeness"": 0.0, ""class_id"": 6, ""degree"": 137.0, ""classe"": 6, ""pagerank"": 0.15000000000000002, ""betweenness"": 0.0, ""eigenvector"": 3.638393813768353e-09, ""manufacturerName"": ""AMGEN""}"
4:a4ea6acb-b5fc-4a33-a21a-e4f10b877c39:277,"{""closeness"": 0.0, ""class_id"": 6, ""degree"": 12.0, ""classe"": 6, ""pagerank"": 0.15000000000000002, ""betweenness"": 0.0, ""eigenvector"": 3.638393813768353e-09, ""manufacturerName"": ""ASTELLAS""}"
4:a4ea6acb-b5fc-4a33-a21a-e4f10b877c39:278,"{""closeness"": 0.0, ""class_id"": 6, ""degree"": 77.0, ""classe"": 6, ""pagerank"": 0.15000000000000002, ""betweenness"": 0.0, ""eigenvector"": 3.638393813768353e-09, ""manufacturerName"": ""UNITED THERAPEUTICS""}"
4:a4ea6acb-b5fc-4a33-a21a-e4f10b877c39:279,"{""closeness"": 0.0, ""class_id"": 6, ""degree"": 14.0, ""classe"": 6, ""pagerank"": 0.15000000000000002, ""betweenness"": 0.0, ""eigenvector"": 3.638393813768353e-09, ""manufacturerName"": ""VIFOR""}"
4:a4ea6acb-b5fc-4a33-a21a-e4f10b877c39:280,"{""closeness"": 0.0, ""class_id"": 6, ""degree"": 21.0, ""classe"": 6, ""pagerank"": 0.15000000000000002, ""betweenness"": 0.0, ""eigenvector"": 3.638393813768353e-09, ""manufacturerName"": ""BIOMARIN""}"
4:a4ea6acb-b5fc-4a33-a21a-e4f10b877c39:410,"{""closeness"": 0.0, ""class_id"": 6, ""degree"": 13.0, ""classe"": 6, ""pagerank"": 0.15000000000000002, ""betweenness"": 0.0, ""eigenvector"": 3.638393813768353e-09, ""manufacturerName"": ""TEVA""}"
4:a4ea6acb-b5fc-4a33-a21a-e4f10b877c39:411,"{""closeness"": 0.0, ""class_id"": 6, ""degree"": 17.0, ""classe"": 6, ""pagerank"": 0.15000000000000002, ""betweenness"": 0.0, ""eigenvector"": 3.638393813768353e-09, ""manufacturerName"": ""PERRIGO""}"
4:a4ea6acb-b5fc-4a33-a21a-e4f10b877c39:412,"{""closeness"": 0.0, ""class_id"": 6, ""degree"": 22.0, ""classe"": 6, ""pagerank"": 0.15000000000000002, ""betweenness"": 0.0, ""eigenvector"": 3.638393813768353e-09, ""manufacturerName"": ""ASTRAZENECA""}"
4:a4ea6acb-b5fc-4a33-a21a-e4f10b877c39:413,"{""closeness"": 0.0, ""class_id"": 6, ""degree"": 17.0, ""classe"": 6, ""pagerank"": 0.15000000000000002, ""betweenness"": 0.0, ""eigenvector"": 3.638393813768353e-09, ""manufacturerName"": ""BOEHRINGER INGELHEIM""}"
4:a4ea6acb-b5fc-4a33-a21a-e4f10b877c39:414,"{""closeness"": 0.0, ""class_id"": 6, ""degree"": 25.0, ""classe"": 6, ""pagerank"": 0.15000000000000002, ""betweenness"": 0.0, ""eigenvector"": 3.638393813768353e-09, ""manufacturerName"": ""ACCORD""}"
4:a4ea6acb-b5fc-4a33-a21a-e4f10b877c39:544,"{""closeness"": 0.0, ""class_id"": 6, ""degree"": 57.0, ""classe"": 6, ""pagerank"": 0.15000000000000002, ""betweenness"": 0.0, ""eigenvector"": 3.638393813768353e-09, ""manufacturerName"": ""MYLAN""}"
4:a4ea6acb-b5fc-4a33-a21a-e4f10b877c39:545,"{""closeness"": 0.0, ""class_id"": 6, ""degree"": 27.0, ""classe"": 6, ""pagerank"": 0.15000000000000002, ""betweenness"": 0.0, ""eigenvector"": 3.638393813768353e-09, ""manufacturerName"": ""GILEAD""}"
4:a4ea6acb-b5fc-4a33-a21a-e4f10b877c39:546,"{""closeness"": 0.0, ""class_id"": 6, ""degree"": 20.0, ""classe"": 6, ""pagerank"": 0.15000000000000002, ""betweenness"": 0.0, ""eigenvector"": 3.638393813768353e-09, ""manufacturerName"": ""HIKMA""}"
4:a4ea6acb-b5fc-4a33-a21a-e4f10b877c39:547,"{""closeness"": 0.0, ""class_id"": 6, ""degree"": 8.0, ""classe"": 6, ""pagerank"": 0.15000000000000002, ""betweenness"": 0.0, ""eigenvector"": 3.638393813768353e-09, ""manufacturerName"": ""LUPIN""}"
4:a4ea6acb-b5fc-4a33-a21a-e4f10b877c39:548,"{""closeness"": 0.0, ""class_id"": 6, ""degree"": 20.0, ""classe"": 6, ""pagerank"": 0.15000000000000002, ""betweenness"": 0.0, ""eigenvector"": 3.638393813768353e-09, ""manufacturerName"": ""EISAI""}"
4:a4ea6acb-b5fc-4a33-a21a-e4f10b877c39:677,"{""closeness"": 0.0, ""class_id"": 6, ""degree"": 7.0, ""classe"": 6, ""pagerank"": 0.15000000000000002, ""betweenness"": 0.0, ""eigenvector"": 3.638393813768353e-09, ""manufacturerName"": ""MERCK""}"
4:a4ea6acb-b5fc-4a33-a21a-e4f10b877c39:678,"{""closeness"": 0.0, ""class_id"": 6, ""degree"": 38.0, ""classe"": 6, ""pagerank"": 0.15000000000000002, ""betweenness"": 0.0, ""eigenvector"": 3.638393813768353e-09, ""manufacturerName"": ""ELI LILLY AND CO""}"
4:a4ea6acb-b5fc-4a33-a21a-e4f10b877c39:679,"{""closeness"": 0.0, ""class_id"": 6, ""degree"": 34.0, ""classe"": 6, ""pagerank"": 0.15000000000000002, ""betweenness"": 0.0, ""eigenvector"": 3.638393813768353e-09, ""manufacturerName"": ""UCB""}"
4:a4ea6acb-b5fc-4a33-a21a-e4f10b877c39:680,"{""closeness"": 0.0, ""class_id"": 6, ""degree"": 4.0, ""classe"": 6, ""pagerank"": 0.15000000000000002, ""betweenness"": 0.0, ""eigenvector"": 3.638393813768353e-09, ""manufacturerName"": ""ALLERGAN""}"
4:a4ea6acb-b5fc-4a33-a21a-e4f10b877c39:681,"{""closeness"": 0.0, ""class_id"": 6, ""degree"": 4.0, ""classe"": 6, ""pagerank"": 0.15000000000000002, ""betweenness"": 0.0, ""eigenvector"": 3.638393813768353e-09, ""manufacturerName"": ""BAXTER""}"
4:a4ea6acb-b5fc-4a33-a21a-e4f10b877c39:810,"{""closeness"": 0.0, ""class_id"": 6, ""degree"": 8.0, ""classe"": 6, ""pagerank"": 0.15000000000000002, ""betweenness"": 0.0, ""eigenvector"": 3.638393813768353e-09, ""manufacturerName"": ""BAUSCH AND LOMB""}"
4:a4ea6acb-b5fc-4a33-a21a-e4f10b877c39:811,"{""closeness"": 0.0, ""class_id"": 6, ""degree"": 2.0, ""classe"": 6, ""pagerank"": 0.15000000000000002, ""betweenness"": 0.0, ""eigenvector"": 3.638393813768353e-09, ""manufacturerName"": ""RANBAXY""}"
4:a4ea6acb-b5fc-4a33-a21a-e4f10b877c39:812,"{""closeness"": 0.0, ""class_id"": 6, ""degree"": 5.0, ""classe"": 6, ""pagerank"": 0.15000000000000002, ""betweenness"": 0.0, ""eigenvector"": 3.638393813768353e-09, ""manufacturerName"": ""VANDA PHARMACEUTICALS""}"
4:a4ea6acb-b5fc-4a33-a21a-e4f10b877c39:813,"{""closeness"": 0.0, ""class_id"": 6, ""degree"": 63.0, ""classe"": 6, ""pagerank"": 0.15000000000000002, ""betweenness"": 0.0, ""eigenvector"": 3.638393813768353e-09, ""manufacturerName"": ""BAYER""}"
4:a4ea6acb-b5fc-4a33-a21a-e4f10b877c39:942,"{""closeness"": 0.0, ""class_id"": 6, ""degree"": 17.0, ""classe"": 6, ""pagerank"": 0.15000000000000002, ""betweenness"": 0.0, ""eigenvector"": 3.638393813768353e-09, ""manufacturerName"": ""PURDUE""}"
4:a4ea6acb-b5fc-4a33-a21a-e4f10b877c39:943,"{""closeness"": 0.0, ""class_id"": 6, ""degree"": 3.0, ""classe"": 6, ""pagerank"": 0.15000000000000002, ""betweenness"": 0.0, ""eigenvector"": 3.638393813768353e-09, ""manufacturerName"": ""GLOBAL BLOOD THERAPEUTICS""}"
4:a4ea6acb-b5fc-4a33-a21a-e4f10b877c39:944,"{""closeness"": 0.0, ""class_id"": 6, ""degree"": 11.0, ""classe"": 6, ""pagerank"": 0.15000000000000002, ""betweenness"": 0.0, ""eigenvector"": 3.638393813768353e-09, ""manufacturerName"": ""AMNEAL""}"
4:a4ea6acb-b5fc-4a33-a21a-e4f10b877c39:945,"{""closeness"": 0.0, ""class_id"": 6, ""degree"": 4.0, ""classe"": 6, ""pagerank"": 0.15000000000000002, ""betweenness"": 0.0, ""eigenvector"": 3.638393813768353e-09, ""manufacturerName"": ""VERTEX""}"
4:a4ea6acb-b5fc-4a33-a21a-e4f10b877c39:946,"{""closeness"": 0.0, ""class_id"": 6, ""degree"": 15.0, ""classe"": 6, ""pagerank"": 0.15000000000000002, ""betweenness"": 0.0, ""eigenvector"": 3.638393813768353e-09, ""manufacturerName"": ""AKCEA THERAPEUTICS""}"
4:a4ea6acb-b5fc-4a33-a21a-e4f10b877c39:947,"{""closeness"": 0.0, ""class_id"": 6, ""degree"": 2.0, ""classe"": 6, ""pagerank"": 0.15000000000000002, ""betweenness"": 0.0, ""eigenvector"": 3.638393813768353e-09, ""manufacturerName"": ""BIOCODEX""}"
4:a4ea6acb-b5fc-4a33-a21a-e4f10b877c39:948,"{""closeness"": 0.0, ""class_id"": 6, ""degree"": 2.0, ""classe"": 6, ""pagerank"": 0.15000000000000002, ""betweenness"": 0.0, ""eigenvector"": 3.638393813768353e-09, ""manufacturerName"": ""VIIV""}"
4:a4ea6acb-b5fc-4a33-a21a-e4f10b877c39:949,"{""closeness"": 0.0, ""class_id"": 6, ""degree"": 22.0, ""classe"": 6, ""pagerank"": 0.15000000000000002, ""betweenness"": 0.0, ""eigenvector"": 3.638393813768353e-09, ""manufacturerName"": ""EXELIXIS""}"
4:a4ea6acb-b5fc-4a33-a21a-e4f10b877c39:1078,"{""closeness"": 0.0, ""class_id"": 6, ""degree"": 15.0, ""classe"": 6, ""pagerank"": 0.15000000000000002, ""betweenness"": 0.0, ""eigenvector"": 3.638393813768353e-09, ""manufacturerName"": ""BIODELIVERY SCIENCES INTERNATIONAL""}"
4:a4ea6acb-b5fc-4a33-a21a-e4f10b877c39:1079,"{""closeness"": 0.0, ""class_id"": 6, ""degree"": 4.0, ""classe"": 6, ""pagerank"": 0.15000000000000002, ""betweenness"": 0.0, ""eigenvector"": 3.638393813768353e-09, ""manufacturerName"": ""EMD SERONO INC""}"
4:a4ea6acb-b5fc-4a33-a21a-e4f10b877c39:1208,"{""closeness"": 0.0, ""class_id"": 6, ""degree"": 4.0, ""classe"": 6, ""pagerank"": 0.15000000000000002, ""betweenness"": 0.0, ""eigenvector"": 3.638393813768353e-09, ""manufacturerName"": ""SAOL THERAPEUTICS""}"
4:a4ea6acb-b5fc-4a33-a21a-e4f10b877c39:1209,"{""closeness"": 0.0, ""class_id"": 6, ""degree"": 1.0, ""classe"": 6, ""pagerank"": 0.15000000000000002, ""betweenness"": 0.0, ""eigenvector"": 3.638393813768353e-09, ""manufacturerName"": ""ENDO""}"
4:a4ea6acb-b5fc-4a33-a21a-e4f10b877c39:1210,"{""closeness"": 0.0, ""class_id"": 6, ""degree"": 2.0, ""classe"": 6, ""pagerank"": 0.15000000000000002, ""betweenness"": 0.0, ""eigenvector"": 3.638393813768353e-09, ""manufacturerName"": ""ARBOR""}"
4:a4ea6acb-b5fc-4a33-a21a-e4f10b877c39:1211,"{""closeness"": 0.0, ""class_id"": 6, ""degree"": 14.0, ""classe"": 6, ""pagerank"": 0.15000000000000002, ""betweenness"": 0.0, ""eigenvector"": 3.638393813768353e-09, ""manufacturerName"": ""CSL BEHRING""}"
4:a4ea6acb-b5fc-4a33-a21a-e4f10b877c39:1212,"{""closeness"": 0.0, ""class_id"": 6, ""degree"": 1.0, ""classe"": 6, ""pagerank"": 0.15000000000000002, ""betweenness"": 0.0, ""eigenvector"": 3.638393813768353e-09, ""manufacturerName"": ""LEADING PHARMA""}"
4:a4ea6acb-b5fc-4a33-a21a-e4f10b877c39:1213,"{""closeness"": 0.0, ""class_id"": 6, ""degree"": 5.0, ""classe"": 6, ""pagerank"": 0.15000000000000002, ""betweenness"": 0.0, ""eigenvector"": 3.638393813768353e-09, ""manufacturerName"": ""DECIPHERA PHARMACEUTICALS""}"
4:a4ea6acb-b5fc-4a33-a21a-e4f10b877c39:1214,"{""closeness"": 0.0, ""class_id"": 6, ""degree"": 18.0, ""classe"": 6, ""pagerank"": 0.15000000000000002, ""betweenness"": 0.0, ""eigenvector"": 3.638393813768353e-09, ""manufacturerName"": ""AUROBINDO""}"
4:a4ea6acb-b5fc-4a33-a21a-e4f10b877c39:1343,"{""closeness"": 0.0, ""class_id"": 6, ""degree"": 8.0, ""classe"": 6, ""pagerank"": 0.15000000000000002, ""betweenness"": 0.0, ""eigenvector"": 3.638393813768353e-09, ""manufacturerName"": ""AMERICAN REGENT""}"
4:a4ea6acb-b5fc-4a33-a21a-e4f10b877c39:1344,"{""closeness"": 0.0, ""class_id"": 6, ""degree"": 3.0, ""classe"": 6, ""pagerank"": 0.15000000000000002, ""betweenness"": 0.0, ""eigenvector"": 3.638393813768353e-09, ""manufacturerName"": ""DOMPE FARMACEUTICI""}"
4:a4ea6acb-b5fc-4a33-a21a-e4f10b877c39:1345,"{""closeness"": 0.0, ""class_id"": 6, ""degree"": 2.0, ""classe"": 6, ""pagerank"": 0.15000000000000002, ""betweenness"": 0.0, ""eigenvector"": 3.638393813768353e-09, ""manufacturerName"": ""VIVUS""}"
4:a4ea6acb-b5fc-4a33-a21a-e4f10b877c39:1346,"{""closeness"": 0.0, ""class_id"": 6, ""degree"": 1.0, ""classe"": 6, ""pagerank"": 0.15000000000000002, ""betweenness"": 0.0, ""eigenvector"": 3.638393813768353e-09, ""manufacturerName"": ""TOLMAR""}"
4:a4ea6acb-b5fc-4a33-a21a-e4f10b877c39:1347,"{""closeness"": 0.0, ""class_id"": 6, ""degree"": 19.0, ""classe"": 6, ""pagerank"": 0.15000000000000002, ""betweenness"": 0.0, ""eigenvector"": 3.638393813768353e-09, ""manufacturerName"": ""ALKERMES""}"
4:a4ea6acb-b5fc-4a33-a21a-e4f10b877c39:1348,"{""closeness"": 0.0, ""class_id"": 6, ""degree"": 17.0, ""classe"": 6, ""pagerank"": 0.15000000000000002, ""betweenness"": 0.0, ""eigenvector"": 3.638393813768353e-09, ""manufacturerName"": ""SAREPTA THERAPEUTICS""}"
4:a4ea6acb-b5fc-4a33-a21a-e4f10b877c39:1477,"{""closeness"": 0.0, ""class_id"": 6, ""degree"": 8.0, ""classe"": 6, ""pagerank"": 0.15000000000000002, ""betweenness"": 0.0, ""eigenvector"": 3.638393813768353e-09, ""manufacturerName"": ""ZOGENIX""}"
4:a4ea6acb-b5fc-4a33-a21a-e4f10b877c39:1478,"{""closeness"": 0.0, ""class_id"": 6, ""degree"": 4.0, ""classe"": 6, ""pagerank"": 0.15000000000000002, ""betweenness"": 0.0, ""eigenvector"": 3.638393813768353e-09, ""manufacturerName"": ""ULTRAGENYX PHARMACEUTICAL""}"
4:a4ea6acb-b5fc-4a33-a21a-e4f10b877c39:1607,"{""closeness"": 0.0, ""class_id"": 6, ""degree"": 1.0, ""classe"": 6, ""pagerank"": 0.15000000000000002, ""betweenness"": 0.0, ""eigenvector"": 3.638393813768353e-09, ""manufacturerName"": ""THERAPEUTICSMD""}"
4:a4ea6acb-b5fc-4a33-a21a-e4f10b877c39:1608,"{""closeness"": 0.0, ""class_id"": 6, ""degree"": 2.0, ""classe"": 6, ""pagerank"": 0.15000000000000002, ""betweenness"": 0.0, ""eigenvector"": 3.638393813768353e-09, ""manufacturerName"": ""GLENMARK""}"
4:a4ea6acb-b5fc-4a33-a21a-e4f10b877c39:1609,"{""closeness"": 0.0, ""class_id"": 6, ""degree"": 3.0, ""classe"": 6, ""pagerank"": 0.15000000000000002, ""betweenness"": 0.0, ""eigenvector"": 3.638393813768353e-09, ""manufacturerName"": ""HORIZON THERAPEUTICS""}"
4:a4ea6acb-b5fc-4a33-a21a-e4f10b877c39:1610,"{""closeness"": 0.0, ""class_id"": 6, ""degree"": 9.0, ""classe"": 6, ""pagerank"": 0.15000000000000002, ""betweenness"": 0.0, ""eigenvector"": 3.638393813768353e-09, ""manufacturerName"": ""NOVO NORDISK""}"
4:a4ea6acb-b5fc-4a33-a21a-e4f10b877c39:1611,"{""closeness"": 0.0, ""class_id"": 6, ""degree"": 1.0, ""classe"": 6, ""pagerank"": 0.15000000000000002, ""betweenness"": 0.0, ""eigenvector"": 3.638393813768353e-09, ""manufacturerName"": ""SPECGX""}"
4:a4ea6acb-b5fc-4a33-a21a-e4f10b877c39:1740,"{""closeness"": 0.0, ""class_id"": 6, ""degree"": 1.0, ""classe"": 6, ""pagerank"": 0.15000000000000002, ""betweenness"": 0.0, ""eigenvector"": 3.638393813768353e-09, ""manufacturerName"": ""DUCHESNAY""}"
4:a4ea6acb-b5fc-4a33-a21a-e4f10b877c39:1741,"{""closeness"": 0.0, ""class_id"": 6, ""degree"": 2.0, ""classe"": 6, ""pagerank"": 0.15000000000000002, ""betweenness"": 0.0, ""eigenvector"": 3.638393813768353e-09, ""manufacturerName"": ""CLOVIS ONCOLOGY""}"
4:a4ea6acb-b5fc-4a33-a21a-e4f10b877c39:1742,"{""closeness"": 0.0, ""class_id"": 6, ""degree"": 6.0, ""classe"": 6, ""pagerank"": 0.15000000000000002, ""betweenness"": 0.0, ""eigenvector"": 3.638393813768353e-09, ""manufacturerName"": ""DAIICHI""}"
4:a4ea6acb-b5fc-4a33-a21a-e4f10b877c39:1743,"{""closeness"": 0.0, ""class_id"": 6, ""degree"": 1.0, ""classe"": 6, ""pagerank"": 0.15000000000000002, ""betweenness"": 0.0, ""eigenvector"": 3.638393813768353e-09, ""manufacturerName"": ""CHIASMA""}"
4:a4ea6acb-b5fc-4a33-a21a-e4f10b877c39:1872,"{""closeness"": 0.0, ""class_id"": 6, ""degree"": 1.0, ""classe"": 6, ""pagerank"": 0.15000000000000002, ""betweenness"": 0.0, ""eigenvector"": 3.638393813768353e-09, ""manufacturerName"": ""IPSEN""}"
4:a4ea6acb-b5fc-4a33-a21a-e4f10b877c39:1873,"{""closeness"": 0.0, ""class_id"": 6, ""degree"": 15.0, ""classe"": 6, ""pagerank"": 0.15000000000000002, ""betweenness"": 0.0, ""eigenvector"": 3.638393813768353e-09, ""manufacturerName"": ""FRESENIUS KABI""}"
4:a4ea6acb-b5fc-4a33-a21a-e4f10b877c39:1874,"{""closeness"": 0.0, ""class_id"": 6, ""degree"": 1.0, ""classe"": 6, ""pagerank"": 0.15000000000000002, ""betweenness"": 0.0, ""eigenvector"": 3.638393813768353e-09, ""manufacturerName"": ""SECURA BIO""}"
4:a4ea6acb-b5fc-4a33-a21a-e4f10b877c39:1875,"{""closeness"": 0.0, ""class_id"": 6, ""degree"": 5.0, ""classe"": 6, ""pagerank"": 0.15000000000000002, ""betweenness"": 0.0, ""eigenvector"": 3.638393813768353e-09, ""manufacturerName"": ""TG THERAPEUTICS""}"
4:a4ea6acb-b5fc-4a33-a21a-e4f10b877c39:1876,"{""closeness"": 0.0, ""class_id"": 6, ""degree"": 77.0, ""classe"": 6, ""pagerank"": 0.15000000000000002, ""betweenness"": 0.0, ""eigenvector"": 3.638393813768353e-09, ""manufacturerName"": ""ORGANON""}"
4:a4ea6acb-b5fc-4a33-a21a-e4f10b877c39:2005,"{""closeness"": 0.0, ""class_id"": 6, ""degree"": 2.0, ""classe"": 6, ""pagerank"": 0.15000000000000002, ""betweenness"": 0.0, ""eigenvector"": 3.638393813768353e-09, ""manufacturerName"": ""INTERCEPT PHARMACEUTICALS""}"
4:a4ea6acb-b5fc-4a33-a21a-e4f10b877c39:2006,"{""closeness"": 0.0, ""class_id"": 6, ""degree"": 1.0, ""classe"": 6, ""pagerank"": 0.15000000000000002, ""betweenness"": 0.0, ""eigenvector"": 3.638393813768353e-09, ""manufacturerName"": ""TOPROL ACQUISITION""}"
4:a4ea6acb-b5fc-4a33-a21a-e4f10b877c39:2007,"{""closeness"": 0.0, ""class_id"": 6, ""degree"": 2.0, ""classe"": 6, ""pagerank"": 0.15000000000000002, ""betweenness"": 0.0, ""eigenvector"": 3.638393813768353e-09, ""manufacturerName"": ""BIOCRYST PHARMACEUTICALS""}"
4:a4ea6acb-b5fc-4a33-a21a-e4f10b877c39:2136,"{""closeness"": 0.0, ""class_id"": 6, ""degree"": 4.0, ""classe"": 6, ""pagerank"": 0.15000000000000002, ""betweenness"": 0.0, ""eigenvector"": 3.638393813768353e-09, ""manufacturerName"": ""LUNDBECK""}"
4:a4ea6acb-b5fc-4a33-a21a-e4f10b877c39:2137,"{""closeness"": 0.0, ""class_id"": 6, ""degree"": 5.0, ""classe"": 6, ""pagerank"": 0.15000000000000002, ""betweenness"": 0.0, ""eigenvector"": 3.638393813768353e-09, ""manufacturerName"": ""INTRA-CELLULAR THERAPIES""}"
4:a4ea6acb-b5fc-4a33-a21a-e4f10b877c39:2138,"{""closeness"": 0.0, ""class_id"": 6, ""degree"": 9.0, ""classe"": 6, ""pagerank"": 0.15000000000000002, ""betweenness"": 0.0, ""eigenvector"": 3.638393813768353e-09, ""manufacturerName"": ""TAIHO ONCOLOGY INC""}"
4:a4ea6acb-b5fc-4a33-a21a-e4f10b877c39:2139,"{""closeness"": 0.0, ""class_id"": 6, ""degree"": 3.0, ""classe"": 6, ""pagerank"": 0.15000000000000002, ""betweenness"": 0.0, ""eigenvector"": 3.638393813768353e-09, ""manufacturerName"": ""PARATEK PHARMACEUTICALS""}"
4:a4ea6acb-b5fc-4a33-a21a-e4f10b877c39:2140,"{""closeness"": 0.0, ""class_id"": 6, ""degree"": 1.0, ""classe"": 6, ""pagerank"": 0.15000000000000002, ""betweenness"": 0.0, ""eigenvector"": 3.638393813768353e-09, ""manufacturerName"": ""AURINIA PHARMACEUTICALS""}"
4:a4ea6acb-b5fc-4a33-a21a-e4f10b877c39:2141,"{""closeness"": 0.0, ""class_id"": 6, ""degree"": 3.0, ""classe"": 6, ""pagerank"": 0.15000000000000002, ""betweenness"": 0.0, ""eigenvector"": 3.638393813768353e-09, ""manufacturerName"": ""CLINIGEN""}"
4:a4ea6acb-b5fc-4a33-a21a-e4f10b877c39:2142,"{""closeness"": 0.0, ""class_id"": 6, ""degree"": 6.0, ""classe"": 6, ""pagerank"": 0.15000000000000002, ""betweenness"": 0.0, ""eigenvector"": 3.638393813768353e-09, ""manufacturerName"": ""BIOVITRUM""}"
4:a4ea6acb-b5fc-4a33-a21a-e4f10b877c39:2143,"{""closeness"": 0.0, ""class_id"": 6, ""degree"": 1.0, ""classe"": 6, ""pagerank"": 0.15000000000000002, ""betweenness"": 0.0, ""eigenvector"": 3.638393813768353e-09, ""manufacturerName"": ""AMICUS THERAPEUTICS""}"
4:a4ea6acb-b5fc-4a33-a21a-e4f10b877c39:2272,"{""closeness"": 0.0, ""class_id"": 6, ""degree"": 3.0, ""classe"": 6, ""pagerank"": 0.15000000000000002, ""betweenness"": 0.0, ""eigenvector"": 3.638393813768353e-09, ""manufacturerName"": ""KARYOPHARM THERAPEUTICS""}"
4:a4ea6acb-b5fc-4a33-a21a-e4f10b877c39:2273,"{""closeness"": 0.0, ""class_id"": 6, ""degree"": 3.0, ""classe"": 6, ""pagerank"": 0.15000000000000002, ""betweenness"": 0.0, ""eigenvector"": 3.638393813768353e-09, ""manufacturerName"": ""OTSUKA""}"
4:a4ea6acb-b5fc-4a33-a21a-e4f10b877c39:2274,"{""closeness"": 0.0, ""class_id"": 6, ""degree"": 1.0, ""classe"": 6, ""pagerank"": 0.15000000000000002, ""betweenness"": 0.0, ""eigenvector"": 3.638393813768353e-09, ""manufacturerName"": ""ADAMAS PHARMA""}"
4:a4ea6acb-b5fc-4a33-a21a-e4f10b877c39:2275,"{""closeness"": 0.0, ""class_id"": 6, ""degree"": 7.0, ""classe"": 6, ""pagerank"": 0.15000000000000002, ""betweenness"": 0.0, ""eigenvector"": 3.638393813768353e-09, ""manufacturerName"": ""ALEXION""}"
4:a4ea6acb-b5fc-4a33-a21a-e4f10b877c39:2276,"{""closeness"": 0.0, ""class_id"": 6, ""degree"": 8.0, ""classe"": 6, ""pagerank"": 0.15000000000000002, ""betweenness"": 0.0, ""eigenvector"": 3.638393813768353e-09, ""manufacturerName"": ""GUERBET""}"
4:a4ea6acb-b5fc-4a33-a21a-e4f10b877c39:2277,"{""closeness"": 0.0, ""class_id"": 6, ""degree"": 2.0, ""classe"": 6, ""pagerank"": 0.15000000000000002, ""betweenness"": 0.0, ""eigenvector"": 3.638393813768353e-09, ""manufacturerName"": ""DR REDDYS""}"
4:a4ea6acb-b5fc-4a33-a21a-e4f10b877c39:2406,"{""closeness"": 0.0, ""class_id"": 6, ""degree"": 1.0, ""classe"": 6, ""pagerank"": 0.15000000000000002, ""betweenness"": 0.0, ""eigenvector"": 3.638393813768353e-09, ""manufacturerName"": ""G1 THERAPEUTICS""}"
4:a4ea6acb-b5fc-4a33-a21a-e4f10b877c39:2407,"{""closeness"": 0.0, ""class_id"": 6, ""degree"": 1.0, ""classe"": 6, ""pagerank"": 0.15000000000000002, ""betweenness"": 0.0, ""eigenvector"": 3.638393813768353e-09, ""manufacturerName"": ""ADMA BIOLOGICS""}"
4:a4ea6acb-b5fc-4a33-a21a-e4f10b877c39:2408,"{""closeness"": 0.0, ""class_id"": 6, ""degree"": 1.0, ""classe"": 6, ""pagerank"": 0.15000000000000002, ""betweenness"": 0.0, ""eigenvector"": 3.638393813768353e-09, ""manufacturerName"": ""VIELA BIO""}"
4:a4ea6acb-b5fc-4a33-a21a-e4f10b877c39:2409,"{""closeness"": 0.0, ""class_id"": 6, ""degree"": 3.0, ""classe"": 6, ""pagerank"": 0.15000000000000002, ""betweenness"": 0.0, ""eigenvector"": 3.638393813768353e-09, ""manufacturerName"": ""CHIESI""}"
4:a4ea6acb-b5fc-4a33-a21a-e4f10b877c39:2410,"{""closeness"": 0.0, ""class_id"": 6, ""degree"": 2.0, ""classe"": 6, ""pagerank"": 0.15000000000000002, ""betweenness"": 0.0, ""eigenvector"": 3.638393813768353e-09, ""manufacturerName"": ""BIOHAVEN PHARMACEUTICALS""}"
4:a4ea6acb-b5fc-4a33-a21a-e4f10b877c39:2539,"{""closeness"": 0.0, ""class_id"": 6, ""degree"": 1.0, ""classe"": 6, ""pagerank"": 0.15000000000000002, ""betweenness"": 0.0, ""eigenvector"": 3.638393813768353e-09, ""manufacturerName"": ""EPIC PHARM""}"
4:a4ea6acb-b5fc-4a33-a21a-e4f10b877c39:2540,"{""closeness"": 0.0, ""class_id"": 6, ""degree"": 2.0, ""classe"": 6, ""pagerank"": 0.15000000000000002, ""betweenness"": 0.0, ""eigenvector"": 3.638393813768353e-09, ""manufacturerName"": ""ESPERION THERAPEUTICS""}"
4:a4ea6acb-b5fc-4a33-a21a-e4f10b877c39:2541,"{""closeness"": 0.0, ""class_id"": 6, ""degree"": 1.0, ""classe"": 6, ""pagerank"": 0.15000000000000002, ""betweenness"": 0.0, ""eigenvector"": 3.638393813768353e-09, ""manufacturerName"": ""BLUEPRINT MEDICINES""}"
4:a4ea6acb-b5fc-4a33-a21a-e4f10b877c39:2542,"{""closeness"": 0.0, ""class_id"": 6, ""degree"": 1.0, ""classe"": 6, ""pagerank"": 0.15000000000000002, ""betweenness"": 0.0, ""eigenvector"": 3.638393813768353e-09, ""manufacturerName"": ""VELOXIS PHARMACEUTICALS""}"
4:a4ea6acb-b5fc-4a33-a21a-e4f10b877c39:2671,"{""closeness"": 0.0, ""class_id"": 6, ""degree"": 3.0, ""classe"": 6, ""pagerank"": 0.15000000000000002, ""betweenness"": 0.0, ""eigenvector"": 3.638393813768353e-09, ""manufacturerName"": ""BRAINTREE""}"
4:a4ea6acb-b5fc-4a33-a21a-e4f10b877c39:2672,"{""closeness"": 0.0, ""class_id"": 6, ""degree"": 1.0, ""classe"": 6, ""pagerank"": 0.15000000000000002, ""betweenness"": 0.0, ""eigenvector"": 3.638393813768353e-09, ""manufacturerName"": ""HARMONY BIOSCIENCES""}"
4:a4ea6acb-b5fc-4a33-a21a-e4f10b877c39:2673,"{""closeness"": 0.0, ""class_id"": 6, ""degree"": 2.0, ""classe"": 6, ""pagerank"": 0.15000000000000002, ""betweenness"": 0.0, ""eigenvector"": 3.638393813768353e-09, ""manufacturerName"": ""GE HEALTHCARE""}"
4:a4ea6acb-b5fc-4a33-a21a-e4f10b877c39:2802,"{""closeness"": 0.0, ""class_id"": 6, ""degree"": 4.0, ""classe"": 6, ""pagerank"": 0.15000000000000002, ""betweenness"": 0.0, ""eigenvector"": 3.638393813768353e-09, ""manufacturerName"": ""SUNOVION""}"
4:a4ea6acb-b5fc-4a33-a21a-e4f10b877c39:2803,"{""closeness"": 0.0, ""class_id"": 6, ""degree"": 1.0, ""classe"": 6, ""pagerank"": 0.15000000000000002, ""betweenness"": 0.0, ""eigenvector"": 3.638393813768353e-09, ""manufacturerName"": ""ALCON""}"
4:a4ea6acb-b5fc-4a33-a21a-e4f10b877c39:2804,"{""closeness"": 0.0, ""class_id"": 6, ""degree"": 5.0, ""classe"": 6, ""pagerank"": 0.15000000000000002, ""betweenness"": 0.0, ""eigenvector"": 3.638393813768353e-09, ""manufacturerName"": ""CATALYST PHARMA""}"
4:a4ea6acb-b5fc-4a33-a21a-e4f10b877c39:2933,"{""closeness"": 0.0, ""class_id"": 6, ""degree"": 1.0, ""classe"": 6, ""pagerank"": 0.15000000000000002, ""betweenness"": 0.0, ""eigenvector"": 3.638393813768353e-09, ""manufacturerName"": ""GRANULES INDIA""}"
4:a4ea6acb-b5fc-4a33-a21a-e4f10b877c39:3062,"{""closeness"": 0.0, ""class_id"": 6, ""degree"": 1.0, ""classe"": 6, ""pagerank"": 0.15000000000000002, ""betweenness"": 0.0, ""eigenvector"": 3.638393813768353e-09, ""manufacturerName"": ""INTERNATIONAL MEDICATION SYSTEM""}"
4:a4ea6acb-b5fc-4a33-a21a-e4f10b877c39:3191,"{""closeness"": 0.0, ""class_id"": 6, ""degree"": 4.0, ""classe"": 6, ""pagerank"": 0.15000000000000002, ""betweenness"": 0.0, ""eigenvector"": 3.638393813768353e-09, ""manufacturerName"": ""AJANTA PHARMA""}"
4:a4ea6acb-b5fc-4a33-a21a-e4f10b877c39:3192,"{""closeness"": 0.0, ""class_id"": 6, ""degree"": 1.0, ""classe"": 6, ""pagerank"": 0.15000000000000002, ""betweenness"": 0.0, ""eigenvector"": 3.638393813768353e-09, ""manufacturerName"": ""KENDRION BIOPHARMA""}"
4:a4ea6acb-b5fc-4a33-a21a-e4f10b877c39:3193,"{""closeness"": 0.0, ""class_id"": 6, ""degree"": 1.0, ""classe"": 6, ""pagerank"": 0.15000000000000002, ""betweenness"": 0.0, ""eigenvector"": 3.638393813768353e-09, ""manufacturerName"": ""ALKEM""}"
4:a4ea6acb-b5fc-4a33-a21a-e4f10b877c39:3194,"{""closeness"": 0.0, ""class_id"": 6, ""degree"": 1.0, ""classe"": 6, ""pagerank"": 0.15000000000000002, ""betweenness"": 0.0, ""eigenvector"": 3.638393813768353e-09, ""manufacturerName"": ""UNICHEM""}"
4:a4ea6acb-b5fc-4a33-a21a-e4f10b877c39:3323,"{""closeness"": 0.0, ""class_id"": 6, ""degree"": 2.0, ""classe"": 6, ""pagerank"": 0.15000000000000002, ""betweenness"": 0.0, ""eigenvector"": 3.638393813768353e-09, ""manufacturerName"": ""OAKRUM PHARMA""}"
4:a4ea6acb-b5fc-4a33-a21a-e4f10b877c39:3324,"{""closeness"": 0.0, ""class_id"": 6, ""degree"": 1.0, ""classe"": 6, ""pagerank"": 0.15000000000000002, ""betweenness"": 0.0, ""eigenvector"": 3.638393813768353e-09, ""manufacturerName"": ""MENTHOLATUM""}"
4:a4ea6acb-b5fc-4a33-a21a-e4f10b877c39:3325,"{""closeness"": 0.0, ""class_id"": 6, ""degree"": 1.0, ""classe"": 6, ""pagerank"": 0.15000000000000002, ""betweenness"": 0.0, ""eigenvector"": 3.638393813768353e-09, ""manufacturerName"": ""RECKITT BENCKISER""}"
4:a4ea6acb-b5fc-4a33-a21a-e4f10b877c39:3454,"{""closeness"": 0.0, ""class_id"": 6, ""degree"": 1.0, ""classe"": 6, ""pagerank"": 0.15000000000000002, ""betweenness"": 0.0, ""eigenvector"": 3.638393813768353e-09, ""manufacturerName"": ""PHARMACOSMOS""}"
4:a4ea6acb-b5fc-4a33-a21a-e4f10b877c39:3455,"{""closeness"": 0.0, ""class_id"": 6, ""degree"": 1.0, ""classe"": 6, ""pagerank"": 0.15000000000000002, ""betweenness"": 0.0, ""eigenvector"": 3.638393813768353e-09, ""manufacturerName"": ""IBSA INSTITUT BIOCHIMIQUE""}"
4:a4ea6acb-b5fc-4a33-a21a-e4f10b877c39:3456,"{""closeness"": 0.0, ""class_id"": 6, ""degree"": 1.0, ""classe"": 6, ""pagerank"": 0.15000000000000002, ""betweenness"": 0.0, ""eigenvector"": 3.638393813768353e-09, ""manufacturerName"": ""ADC THERAPEUTICS""}"
4:a4ea6acb-b5fc-4a33-a21a-e4f10b877c39:3585,"{""closeness"": 0.0, ""class_id"": 6, ""degree"": 1.0, ""classe"": 6, ""pagerank"": 0.15000000000000002, ""betweenness"": 0.0, ""eigenvector"": 3.638393813768353e-09, ""manufacturerName"": ""QUAGEN PHARMACEUTICALS""}"
4:a4ea6acb-b5fc-4a33-a21a-e4f10b877c39:3586,"{""closeness"": 0.0, ""class_id"": 6, ""degree"": 1.0, ""classe"": 6, ""pagerank"": 0.15000000000000002, ""betweenness"": 0.0, ""eigenvector"": 3.638393813768353e-09, ""manufacturerName"": ""MERZ""}"
4:a4ea6acb-b5fc-4a33-a21a-e4f10b877c39:3715,"{""closeness"": 0.0, ""class_id"": 6, ""degree"": 4.0, ""classe"": 6, ""pagerank"": 0.15000000000000002, ""betweenness"": 0.0, ""eigenvector"": 3.638393813768353e-09, ""manufacturerName"": ""PRINSTON PHARMACEUTICAL""}"
4:a4ea6acb-b5fc-4a33-a21a-e4f10b877c39:3716,"{""closeness"": 0.0, ""class_id"": 6, ""degree"": 1.0, ""classe"": 6, ""pagerank"": 0.15000000000000002, ""betweenness"": 0.0, ""eigenvector"": 3.638393813768353e-09, ""manufacturerName"": ""APNAR PHARMA""}"
4:a4ea6acb-b5fc-4a33-a21a-e4f10b877c39:3717,"{""closeness"": 0.0, ""class_id"": 6, ""degree"": 3.0, ""classe"": 6, ""pagerank"": 0.15000000000000002, ""betweenness"": 0.0, ""eigenvector"": 3.638393813768353e-09, ""manufacturerName"": ""GRAVITI PHARMACEUTICALS""}"
4:a4ea6acb-b5fc-4a33-a21a-e4f10b877c39:3974,"{""closeness"": 0.0, ""class_id"": 6, ""degree"": 1.0, ""classe"": 6, ""pagerank"": 0.15000000000000002, ""betweenness"": 0.0, ""eigenvector"": 3.638393813768353e-09, ""manufacturerName"": ""APOTEX""}"
4:a4ea6acb-b5fc-4a33-a21a-e4f10b877c39:3975,"{""closeness"": 0.0, ""class_id"": 6, ""degree"": 1.0, ""classe"": 6, ""pagerank"": 0.15000000000000002, ""betweenness"": 0.0, ""eigenvector"": 3.638393813768353e-09, ""manufacturerName"": ""MYOVANT SCIENCES""}"
4:a4ea6acb-b5fc-4a33-a21a-e4f10b877c39:3976,"{""closeness"": 0.0, ""class_id"": 6, ""degree"": 1.0, ""classe"": 6, ""pagerank"": 0.15000000000000002, ""betweenness"": 0.0, ""eigenvector"": 3.638393813768353e-09, ""manufacturerName"": ""AMPHASTAR""}"
4:a4ea6acb-b5fc-4a33-a21a-e4f10b877c39:4105,"{""closeness"": 0.0, ""class_id"": 6, ""degree"": 1.0, ""classe"": 6, ""pagerank"": 0.15000000000000002, ""betweenness"": 0.0, ""eigenvector"": 3.638393813768353e-09, ""manufacturerName"": ""EUSA PHARMA""}"
4:a4ea6acb-b5fc-4a33-a21a-e4f10b877c39:4106,"{""closeness"": 0.0, ""class_id"": 6, ""degree"": 1.0, ""classe"": 6, ""pagerank"": 0.15000000000000002, ""betweenness"": 0.0, ""eigenvector"": 3.638393813768353e-09, ""manufacturerName"": ""TITAN PHARMACEUTICALS""}"
4:a4ea6acb-b5fc-4a33-a21a-e4f10b877c39:4235,"{""closeness"": 0.0, ""class_id"": 6, ""degree"": 1.0, ""classe"": 6, ""pagerank"": 0.15000000000000002, ""betweenness"": 0.0, ""eigenvector"": 3.638393813768353e-09, ""manufacturerName"": ""PL DEVELOPMENTS""}"
4:a4ea6acb-b5fc-4a33-a21a-e4f10b877c39:4236,"{""closeness"": 0.0, ""class_id"": 6, ""degree"": 1.0, ""classe"": 6, ""pagerank"": 0.15000000000000002, ""betweenness"": 0.0, ""eigenvector"": 3.638393813768353e-09, ""manufacturerName"": ""SEPTODONT""}"
